T_in_C,T_ambient_C,dT_approach,dT_pinch,eta_pump,eta_turbine,coolingMode,q_preheater,q_boiler,w_turbine,q_recuperator,q_desuperheater,q_condenser,w_pump,w_cooler,w_condenser,w_net,dT_range_CT,dT_LMTD_preheater,dT_LMTD_boiler,dT_LMTD_recuperator,T_out_C
30,15,7,5,0.9,0.8,Wet,-707.3151768,-15285.10332,-277.742096,0,124.3810338,15592.75787,2.462498041,2.195654406,418.8194894,145.7355458,1.718131521,7.923660244,2.782069987,,33.82610977
31,15,7,5,0.9,0.8,Wet,-657.3780777,-13189.60628,-257.6657268,0,115.8437601,13475.77939,2.304519533,2.041047408,361.9577173,108.6375574,1.851410891,8.108529374,3.164132665,,34.31296722
32,15,7,5,0.9,0.8,Wet,-592.8356813,-11096.666,-231.9468453,0,104.6879345,11354.95958,2.092676793,1.841053474,304.9927674,76.97965239,1.985426149,8.290206368,3.506539313,,34.7968743
33,15,7,5,0.9,0.8,Wet,-513.3805857,-9003.213555,-200.4967725,0,90.84353282,9227.078596,1.824760668,1.594675741,247.8381553,50.76081918,2.119976022,8.468546536,3.822257017,,35.27703684
34,15,7,5,0.9,0.8,Wet,-420.1017985,-6925.438238,-163.7688426,0,74.48961378,7108.785203,1.503622866,1.30525514,190.9410647,29.98110007,2.256105647,8.645210822,4.116014241,,35.75760193
35,15,7,5,0.9,0.8,Wet,-310.2448698,-4826.644522,-120.7254696,0,55.12028042,4962.161724,1.118081613,0.964179905,133.2830316,14.63982353,2.391430613,8.816869557,4.397298058,,36.22914233
36,15,7,5,0.9,0.8,Wet,-185.7121302,-2734.266781,-72.13574543,0,33.06004109,2815.457032,0.673906574,0.577313856,75.6228171,4.7382921,2.527723853,8.986220918,4.665230483,,36.69868896
37,15,7,5,0.9,0.8,Wet,-46.68474107,-652.0599862,-18.10081517,0,8.326961804,672.4875335,0.170583204,0.145167834,18.06292946,0.277865323,2.665231532,9.153695705,4.921575872,,37.16719454
38,15,7,5,0.9,0.8,Wet,108.1254926,1436.396132,41.8472871,0,-19.3229684,-1483.749182,-0.397813179,-0.336318997,-39.85331396,1.259840968,2.802872651,9.317877239,5.169944078,,37.63043209
39,15,7,5,0.9,0.8,Wet,278.8142703,3531.099391,107.714285,0,-49.92070474,-3653.311537,-1.032865379,-0.867500718,-98.12748236,7.686436546,2.94063664,9.478866977,5.4114606,,38.08838906
40,15,7,5,0.9,0.8,Wet,464.8648088,5623.607391,179.2684826,0,-83.38763186,-5827.550021,-1.733935839,-1.446827957,-156.527251,19.56046781,3.07907394,9.637510886,5.646079861,,38.54321855
41,15,7,5,0.9,0.8,Wet,665.7659787,7705.515648,256.2798979,0,-119.6460527,-7997.856122,-2.500446226,-2.072770613,-214.8213963,36.88528476,3.218740755,9.794621701,5.87367714,,38.99706268
42,15,7,5,0.9,0.8,Wet,883.3862029,9801.158273,339.4415496,0,-159.0422685,-10189.40117,-3.340514538,-2.751197395,-273.6860171,59.66382066,3.358009639,9.948106828,6.097523831,,39.44366072
43,15,7,5,0.9,0.8,Wet,1115.692686,11881.11947,427.9324109,0,-201.2269907,-12371.90084,-4.24808605,-3.475849451,-332.3076801,87.9007953,3.498840655,10.10062275,6.314998317,,39.89054532
44,15,7,5,0.9,0.8,Wet,1364.60274,13970.38746,522.4648774,0,-246.5544616,-14571.20234,-5.231479244,-4.252746935,-391.380638,121.6000132,3.639554109,10.25003163,6.529169473,,40.33128723
45,15,7,5,0.9,0.8,Wet,1630.011951,16066.09103,622.9667605,0,-295.0182911,-16784.40961,-6.291675297,-5.081624669,-450.8271032,160.7663574,3.780331451,10.39665043,6.740066754,,40.76660639
46,15,7,5,0.9,0.8,Wet,1910.682968,18149.62905,728.9234936,0,-346.410943,-18992.40325,-7.425666638,-5.958700028,-510.1335312,205.4055957,3.92242421,10.54213192,6.946151589,,41.20125633
47,15,7,5,0.9,0.8,Wet,2207.127834,20226.53283,840.5007012,0,-400.8358228,-21200.96092,-8.636778308,-6.885625629,-569.4551087,255.5231885,4.065457508,10.68603174,7.148292606,,41.63379844
48,15,7,5,0.9,0.8,Wet,2520.416915,22310.10085,958.0831958,0,-458.4945478,-23423.8703,-9.930279691,-7.865784089,-629.1621714,311.1249606,4.208521008,10.82725746,7.348023698,,42.06080283
49,15,7,5,0.9,0.8,Wet,2850.695259,24400.82068,1081.695427,0,-519.4240216,-25661.70463,-11.30814534,-8.899682654,-689.2701163,372.2174832,4.351570525,10.96581796,7.545573431,,42.48212569
50,15,7,5,0.9,0.8,Wet,3197.141189,26485.66558,1210.981853,0,-583.4903763,-27901.1036,-12.76906085,-9.98483085,-749.4200874,438.8078743,4.495490071,11.10285036,7.739895131,,42.90108647
51,15,7,5,0.9,0.8,Wet,3561.045372,28581.04629,1346.416002,0,-650.9323521,-30159.06232,-14.31901478,-11.12528611,-810.0685707,510.9031303,4.639146008,11.23701532,7.932679199,,43.31345878
52,15,7,5,0.9,0.8,Wet,3939.820375,30649.02793,1486.943117,0,-721.3058774,-32396.55024,-15.95092256,-12.31309071,-870.1672111,588.5118924,4.785146798,11.37149905,8.120610101,,43.72894018
53,15,7,5,0.9,0.8,Wet,4337.712253,32747.52989,1634.204928,0,-795.3679114,-34673.34993,-17.6806303,-13.56144717,-931.3217607,671.64109,4.929488565,11.50152647,8.3090869,,44.13267194
54,15,7,5,0.9,0.8,Wet,4751.378841,34827.84549,1786.845032,0,-872.542339,-36939.3357,-19.49873924,-14.86006295,-992.1858497,760.3003797,5.075531398,11.63115505,8.493831674,,44.53710721
55,15,7,5,0.9,0.8,Wet,5181.65741,36899.91474,1945.156957,0,-952.987185,-39204.83786,-21.40985203,-16.21158479,-1053.036949,854.4985715,5.222586511,11.75957814,8.675876633,,44.93967545
56,15,7,5,0.9,0.8,Wet,5630.01445,38982.74829,2109.689125,0,-1036.96858,-41489.52543,-23.42039415,-17.62059448,-1114.403366,954.2447702,5.369323958,11.88526808,8.856990356,,45.3354883
57,15,7,5,0.9,0.8,Wet,6096.017639,41068.45334,2280.234426,0,-1124.420587,-43785.3467,-25.53073454,-19.08580144,-1176.068833,1059.549058,5.516283996,12.00889786,9.036558568,,45.72654362
58,15,7,5,0.9,0.8,Wet,6579.319438,43150.20168,2456.616528,0,-1215.292661,-46085.3536,-27.74167461,-20.60617907,-1237.846725,1170.421949,5.663937862,12.13104109,9.214077424,,46.114564
59,15,7,5,0.9,0.8,Wet,7079.332694,45217.54878,2638.558618,0,-1309.493582,-48378.88279,-30.05351805,-22.17996463,-1299.450627,1286.874508,5.813015901,12.25254941,9.388752587,,46.50219293
60,15,7,5,0.9,0.8,Wet,7598.695761,47306.63071,2827.090532,0,-1407.488229,-50703.22351,-32.47579372,-23.81532799,-1361.882122,1408.917288,5.960970138,12.37054671,9.56370605,,46.88017157
61,15,7,5,0.9,0.8,Wet,8134.467229,49372.86229,3020.979424,0,-1508.77914,-53012.5732,-35.0022456,-25.50325093,-1423.910961,1536.562966,6.110934894,12.48861088,9.7352612,,47.25986482
62,15,7,5,0.9,0.8,Wet,8688.883118,51446.6443,3221.094996,0,-1613.760234,-55338.31335,-37.64115629,-27.25065316,-1486.380045,1669.823142,6.26076079,12.60433305,9.906024297,,47.63348167
63,15,7,5,0.9,0.8,Wet,9262.307433,53531.38233,3427.550384,0,-1722.501662,-57684.03311,-40.39539581,-29.05868232,-1549.385779,1808.710527,6.410195901,12.71746818,10.07631382,,48.00013032
64,15,7,5,0.9,0.8,Wet,9853.169474,55601.82048,3639.657576,0,-1834.744164,-60023.85142,-43.2632038,-30.922545,-1612.233,1953.238827,6.561025426,12.83002034,10.2441158,,48.36622741
65,15,7,5,0.9,0.8,Wet,10462.90871,57677.01448,3857.969145,0,-1950.741644,-62377.46277,-46.25037306,-32.8466891,-1675.450701,2103.421381,6.711890715,12.94050178,10.41103643,,48.72688544
66,15,7,5,0.9,0.8,Wet,11091.28499,59751.20506,4082.344003,0,-2070.461454,-64739.04319,-49.35858785,-34.83040155,-1738.88245,2259.272563,6.863194474,13.0493771,10.57665243,,49.08354605
67,15,7,5,0.9,0.8,Wet,11737.5495,61810.73303,4312.421789,0,-2193.786117,-67094.6634,-52.58877715,-36.87141264,-1802.154109,2420.80749,7.015907915,13.15771479,10.73992424,,49.43965801
68,15,7,5,0.9,0.8,Wet,12403.60186,63881.91093,4548.958204,0,-2321.043553,-69471.45829,-55.94725503,-38.97555667,-1865.994517,2588.040875,7.168144003,13.26348222,10.90298707,,49.78849386
69,15,7,5,0.9,0.8,Wet,13089.01401,65956.00252,4791.731039,0,-2452.168807,-71860.55217,-59.43548556,-41.14153453,-1930.165274,2760.988745,7.320518945,13.36737106,11.06517546,,50.13225153
70,15,7,5,0.9,0.8,Wet,13793.264,68022.5106,5040.470569,0,-2587.082517,-74251.2767,-63.05518296,-43.36776189,-1994.37983,2939.667794,7.473780186,13.47019681,11.22570303,,50.47357068
71,15,7,5,0.9,0.8,Wet,14516.50621,70081.11768,5295.19181,0,-2725.818745,-76643.42281,-66.80947022,-45.65471992,-2058.63257,3124.095049,7.627946741,13.57198564,11.3845885,,50.8124992
72,15,7,5,0.9,0.8,Wet,15259.5878,72142.35917,5556.211985,0,-2868.525504,-79047.91183,-70.70234787,-48.00499758,-2123.216839,3314.2878,7.782254402,13.67193755,11.54268269,,51.14633038
73,15,7,5,0.9,0.8,Wet,16022.31641,74200.55333,5823.397933,0,-3015.178091,-81459.03011,-74.73638992,-50.41800591,-2187.979168,3510.264369,7.937106224,13.77049226,11.69957613,,51.47647609
74,15,7,5,0.9,0.8,Wet,16805.53855,76266.43948,6097.073159,0,-3165.92231,-83887.89784,-78.91528107,-52.89631823,-2253.218246,3712.043313,8.091719202,13.86684266,11.85611544,,51.80018299
75,15,7,5,0.9,0.8,Wet,17607.90716,78315.55277,6376.585517,0,-3320.54476,-86309.5707,-83.24104763,-55.43581993,-2318.264071,3919.644579,8.24785746,13.96284162,12.01046739,,52.12361857
76,15,7,5,0.9,0.8,Wet,18431.75958,80382.74542,6662.927852,0,-3479.433142,-88759.86222,-87.71821096,-58.04361331,-2384.078589,4133.087439,8.402989863,14.05586721,12.1652959,,52.43792412
77,15,7,5,0.9,0.8,Wet,19275.03849,82431.50045,6955.11697,0,-3642.259647,-91201.51145,-92.34913584,-60.71341398,-2449.660976,4352.393444,8.559758123,14.14866738,12.31787149,,52.75230965
78,15,7,5,0.9,0.8,Wet,20139.30763,84484.28588,7253.803417,0,-3809.284246,-93657.64354,-97.13769436,-63.44995554,-2515.632371,4577.583396,8.716525861,14.23955819,12.46990816,,53.06105608
79,15,7,5,0.9,0.8,Wet,21024.39346,86535.08416,7558.850289,0,-3980.484841,-96122.22976,-102.0872693,-66.25267762,-2581.830843,4808.6795,8.873723518,14.32899281,12.62097591,,53.36565137
80,15,7,5,0.9,0.8,Wet,21929.80569,88572.10113,7869.963119,0,-4155.789621,-98583.35604,-107.2019653,-69.12005049,-2647.936381,5045.704722,9.03220471,14.41784568,12.77022722,,53.66903468
81,15,7,5,0.9,0.8,Wet,22857.61545,90627.35052,8188.05527,0,-4335.534471,-101073.8602,-112.4840063,-72.05833169,-2714.831006,5288.681926,9.18962905,14.50374685,12.92004111,,53.96309625
82,15,7,5,0.9,0.8,Wet,23805.94791,92665.01834,8512.172697,0,-4519.426897,-103557.3056,-117.9389525,-75.06176527,-2781.536032,5537.635946,9.348602154,14.58934531,13.06780276,,54.25682884
83,15,7,5,0.9,0.8,Wet,24776.46941,94710.44655,8843.045638,0,-4707.73631,-106059.7029,-123.5689225,-78.13536554,-2848.750106,5792.591244,9.507267587,14.67277169,13.2153864,,54.54381102
84,15,7,5,0.9,0.8,Wet,25768.95454,96756.09436,9180.500381,0,-4900.431795,-108573.4949,-129.3781441,-81.27838302,-2916.270237,6053.573617,9.666168725,14.7545832,13.36225438,,54.82590659
85,15,7,5,0.9,0.8,Wet,26782.42943,98780.15452,9523.975024,0,-5097.366886,-111076.6155,-135.3734742,-84.48777348,-2983.503739,6320.610037,9.826895616,14.83636936,13.50685162,,55.10855268
86,15,7,5,0.9,0.8,Wet,27819.3936,100824.1764,9874.643154,0,-5298.936282,-113611.5441,-141.5535337,-87.77108147,-3051.591598,6593.726941,9.986399507,14.91509657,13.65218946,,55.38127599
87,15,7,5,0.9,0.8,Wet,28878.0077,102850.0191,10231.49852,0,-5504.858713,-116139.5975,-147.9279831,-91.122602,-3119.49479,6872.953146,10.14746728,14.99353998,13.79554094,,55.6536079
88,15,7,5,0.9,0.8,Wet,29959.88858,104883.5505,10595.28585,0,-5715.388985,-118687.2611,-154.496862,-94.5471792,-3187.92471,7158.317097,10.30819604,15.06981816,13.93877289,,55.91902135
89,15,7,5,0.9,0.8,Wet,31064.75403,106915.0682,10965.7791,0,-5930.487429,-121244.8217,-161.2660392,-98.04384503,-3256.620461,7449.84875,10.46928982,15.14463288,14.08120361,,56.17990772
90,15,7,5,0.9,0.8,Wet,32192.32584,108934.1425,11342.73537,0,-6150.116052,-123801.8594,-168.2425225,-101.6116221,-3325.302169,7747.579058,10.63150742,15.21872919,14.22211098,,56.4388286
91,15,7,5,0.9,0.8,Wet,33343.24793,110948.232,11726.39948,0,-6374.377538,-126366.1324,-175.4295475,-105.2523543,-3394.178214,8051.539369,10.79429448,15.29156248,14.36203966,,56.69387136
92,15,7,5,0.9,0.8,Wet,34518.20294,112966.0556,12117.0503,0,-6603.378973,-128946.6587,-182.8293891,-108.9680082,-3463.49082,8361.76208,10.95700291,15.36250406,14.50161337,,56.94281656
93,15,7,5,0.9,0.8,Wet,35717.55457,114990.1768,12514.79985,0,-6837.178032,-131546.1991,-190.4455357,-112.7595673,-3533.314144,8678.280608,11.11943632,15.43137008,14.6410171,,57.18498577
94,15,7,5,0.9,0.8,Wet,36940.49753,116997.8855,12919.07957,0,-7075.656787,-134141.9368,-198.290092,-116.6243587,-3603.035328,9001.12979,11.28325631,15.49977146,14.77867896,,57.42598406
95,15,7,5,0.9,0.8,Wet,38188.1559,119007.1332,13330.42069,0,-7318.987061,-136752.2437,-206.3624233,-120.5656977,-3673.14784,9330.344728,11.44713555,15.56642324,14.91586153,,57.66129472
96,15,7,5,0.9,0.8,Wet,39460.79808,121017.9569,13748.87101,0,-7567.211159,-139377.3401,-214.6673033,-124.5842373,-3743.657594,9665.961876,11.61106326,15.63131847,15.0525743,,57.89086316
97,15,7,5,0.9,0.8,Wet,40758.45583,123024.7311,14174.32787,0,-7820.335944,-142011.7352,-223.2120456,-128.6798675,-3814.417111,10008.01885,11.7754449,15.69484799,15.18843775,,58.11603577
98,15,7,5,0.9,0.8,Wet,42081.1837,125021.6119,14606.68547,0,-8078.371672,-144649.7433,-232.0048298,-132.8525178,-3885.273672,10356.55445,11.94070177,15.7574129,15.32306255,,58.33820437
99,15,7,5,0.9,0.8,Wet,43429.07846,127002.9624,15045.84612,0,-8341.33464,-147285.9147,-241.0545718,-137.1022147,-3956.0809,10711.60844,12.10723935,15.81939463,15.45607859,,58.55870042
100,15,7,5,0.9,0.8,Wet,44803.84675,129003.2403,15492.78229,0,-8609.47746,-149955.1774,-250.3501106,-141.4341892,-4027.776958,11073.22103,12.27251634,15.87837352,15.5898441,,58.76896108
101,15,7,5,0.9,0.8,Wet,46204.35699,130986.4879,15946.58957,0,-8882.634071,-152621.5364,-259.9151184,-145.8444841,-4099.395019,11441.43495,12.43916631,15.93685349,15.72191783,,58.9778058
102,15,7,5,0.9,0.8,Wet,47631.43831,132965.0398,16407.65336,0,-9160.926652,-155297.6478,-269.7496577,-150.3354619,-4171.27503,11816.29321,12.60627333,15.99396067,15.85314967,,59.18213011
103,15,7,5,0.9,0.8,Wet,49085.94672,134953.4738,16876.41685,0,-9444.480356,-157998.3743,-279.8509512,-154.9096318,-4243.816201,12197.84007,12.772758,16.04867534,15.98452884,,59.37829531
104,15,7,5,0.9,0.8,Wet,50567.47321,136931.3823,17352.39867,0,-9733.234279,-160703.4598,-290.2372989,-159.5652512,-4316.474453,12586.12167,12.94010892,16.10240087,16.11468611,,59.57125701
105,15,7,5,0.9,0.8,Wet,52076.07813,138889.1138,17835.40746,0,-10027.19557,-163403.5114,-300.9225582,-164.3020423,-4388.997494,12981.18537,13.10902256,16.15578447,16.24298844,,59.76330623
106,15,7,5,0.9,0.8,Wet,53613.5565,140870.1304,18326.64892,0,-10326.62556,-166142.296,-311.8835192,-169.1257801,-4462.560898,13383.07872,13.27630312,16.20582403,16.37234877,,59.94374278
107,15,7,5,0.9,0.8,Wet,55178.69335,142825.515,18824.90274,0,-10631.34243,-168871.1246,-323.1614508,-174.0317006,-4535.856888,13791.8527,13.44552413,16.25586591,16.49950842,,60.12446239
108,15,7,5,0.9,0.8,Wet,56772.68806,144780.7178,19330.9035,0,-10941.51864,-171615.7291,-334.7453559,-179.0234917,-4609.576614,14207.55803,13.61481004,16.30414835,16.62617253,,60.29917481
109,15,7,5,0.9,0.8,Wet,58395.90923,146735.592,19844.71478,0,-11257.20394,-174376.2247,-346.6421225,-184.1019231,-4683.723174,14630.24757,13.78416106,16.35066869,16.75233555,,60.46785062
110,15,7,5,0.9,0.8,Wet,60048.5815,148683.9847,20366.24649,0,-11578.42556,-177146.7583,-358.8641411,-189.267171,-4758.139354,15059.97583,13.95401535,16.39583057,16.87759656,,60.63191547
111,15,7,5,0.9,0.8,Wet,61731.06785,150623.506,20895.50971,0,-11905.22991,-179925.2557,-371.4215121,-194.5198591,-4832.769441,15496.79889,14.12453456,16.43977784,17.00180617,,60.79187109
112,15,7,5,0.9,0.8,Wet,63443.82859,152554.9261,21432.59973,0,-12237.67697,-182712.7999,-384.3218942,-199.8609501,-4907.642522,15940.77437,14.29564904,16.48243886,17.12502325,,60.94744903
113,15,7,5,0.9,0.8,Wet,65187.25276,154475.269,21977.51763,0,-12575.81431,-185506.7667,-397.5768471,-205.2910613,-4982.688114,16391.96161,14.46756117,16.52399362,17.2470614,,61.09928357
114,15,7,5,0.9,0.8,Wet,66962.19661,156404.1295,22530.84539,0,-12919.76344,-188326.892,-411.1747914,-210.8128937,-5058.436322,16850.42139,14.63883362,16.56310682,17.3692046,,61.24256709
115,15,7,5,0.9,0.8,Wet,68768.75243,158324.4164,23092.22493,0,-13269.52356,-191156.5617,-425.1413536,-216.4257349,-5134.440888,17316.21695,14.8106953,16.60090843,17.49034209,,61.38134137
116,15,7,5,0.9,0.8,Wet,70607.45695,160239.0207,23661.81434,0,-13625.16271,-193998.9831,-439.4825004,-222.1307662,-5210.787966,17789.4131,14.98292167,16.63718331,17.61066822,,61.51482179
117,15,7,5,0.9,0.8,Wet,72478.53875,162129.388,24239.23038,0,-13986.69171,-196836.2344,-454.2297009,-227.9273808,-5286.996172,18270.07713,15.15683756,16.673142,17.72899119,,61.64735779
118,15,7,5,0.9,0.8,Wet,74383.11218,164037.1501,24825.61715,0,-14354.28158,-199709.7066,-469.3429704,-233.8199922,-5364.17727,18758.27692,15.32941957,16.70599438,17.84800514,,61.76888891
119,15,7,5,0.9,0.8,Wet,76321.06014,165913.4577,25419.83255,0,-14727.87054,-202571.707,-484.8922205,-239.8055867,-5441.050237,19254.0845,15.50417488,16.73895554,17.96456785,,61.8909924
120,15,7,5,0.9,0.8,Wet,78293.38717,167796.5998,26022.93681,0,-15107.61355,-205460.2761,-500.8394666,-245.8881997,-5518.636833,19757.57231,15.67832723,16.7694657,18.08114836,,62.00442825
121,15,7,5,0.9,0.8,Wet,80300.50898,169677.1625,26634.78902,0,-15493.54854,-208366.5402,-517.2062677,-252.068034,-5596.698717,20268.81601,15.85253927,16.7981247,18.1971439,,62.11134747
122,15,7,5,0.9,0.8,Wet,82342.91919,171543.6886,27255.20434,0,-15885.71707,-211279.7059,-534.0194699,-258.3452545,-5674.945977,20787.89364,16.02761344,16.82565763,18.31182776,,62.21436111
123,15,7,5,0.9,0.8,Wet,84421.26277,173401.1773,27884.41259,0,-16284.19541,-214205.1158,-551.2837186,-264.7212699,-5753.522114,21314.88549,16.20317076,16.85170608,18.42552586,,62.31216729
124,15,7,5,0.9,0.8,Wet,86536.15984,175248.5512,28522.49532,0,-16689.04867,-217142.1795,-569.0124988,-271.1970562,-5832.411272,21849.87449,16.37926689,16.87630959,18.53817561,,62.40490225
125,15,7,5,0.9,0.8,Wet,88688.24367,177093.9973,29169.76486,0,-17100.35557,-220099.3252,-587.2046814,-277.7742047,-5911.839828,22392.94615,16.55529899,16.89890524,18.65030053,,62.49052049
126,15,7,5,0.9,0.8,Wet,90878.15815,178929.5152,29826.13895,0,-17518.17215,-223069.2474,-605.8851106,-284.4532538,-5991.611559,22944.18903,16.73181439,16.91998145,18.76139813,,62.57078352
127,15,7,5,0.9,0.8,Wet,93106.59296,180754.4368,30491.72061,0,-17942.5676,-226051.8096,-625.0680048,-291.2352634,-6071.722799,23503.69454,16.90883637,16.93954659,18.87143195,,62.6457166
128,15,7,5,0.9,0.8,Wet,95374.3669,182556.0179,31166.32597,0,-18373.60182,-229035.2474,-644.7903204,-298.1206188,-6151.857558,24071.55747,17.08723529,16.95838239,18.97960791,,62.7181516
129,15,7,5,0.9,0.8,Wet,97682.04177,184358.8388,31850.67711,0,-18811.37014,-232043.8552,-665.0218822,-305.1118978,-6232.668382,24647.87495,17.26525449,16.97487027,19.087476,,62.78221315
130,15,7,5,0.9,0.8,Wet,100030.4257,186152.8587,32544.66194,0,-19255.93466,-235068.4823,-685.7945613,-312.2096435,-6313.90948,25232.74825,17.44357571,16.98961873,19.1944091,,62.84010378
131,15,7,5,0.9,0.8,Wet,102420.3792,187932.3799,33248.28108,0,-19707.3658,-238104.2468,-707.1345355,-319.4147175,-6395.449727,25826.2821,17.6225682,17.00295025,19.30005649,,62.89299158
132,15,7,5,0.9,0.8,Wet,104852.8572,189691.1068,33961.52892,0,-20165.73734,-241145.7691,-729.0713585,-326.7280055,-6477.144629,26428.58492,17.80263574,17.01521868,19.40403337,,62.94216115
133,15,7,5,0.9,0.8,Wet,107328.4191,191446.4434,34684.96431,0,-20631.13363,-244210.3498,-751.5851871,-334.1516145,-6559.458875,27039.76863,17.98253801,17.02527448,19.50742838,,62.98343391
134,15,7,5,0.9,0.8,Wet,109847.9876,193193.733,35418.62737,0,-21103.62854,-247294.1661,-774.7014454,-341.6865113,-6642.28979,27659.94963,18.16256891,17.03336928,19.60995486,,63.01772208
135,15,7,5,0.9,0.8,Wet,112412.7886,194919.6788,36162.36628,0,-21583.29805,-250385.2707,-798.4677045,-349.3333058,-6725.316466,28289.24881,18.34360749,17.0402904,19.710795,,63.04788861
136,15,7,5,0.9,0.8,Wet,115023.3058,196642.9674,36916.77894,0,-22070.22483,-253502.1284,-822.8589239,-357.0941488,-6809.034865,28927.79101,18.52433601,17.04481346,19.81110897,,63.06948087
137,15,7,5,0.9,0.8,Wet,117681.5713,198327.8928,37681.2152,0,-22564.48869,-256611.741,-847.9808041,-364.9687013,-6892.558664,29575.70703,18.70714741,17.04911388,19.90870212,,63.09041522
138,15,7,5,0.9,0.8,Wet,120387.0442,200026.1107,38457.03627,0,-23066.17199,-259763.6722,-873.7255904,-372.9606036,-6977.219135,30233.13094,18.8884904,17.04991529,20.00675892,,63.09877191
139,15,7,5,0.9,0.8,Wet,123142.2287,201693.1651,39243.41207,0,-23575.35963,-262916.8477,-900.2256793,-381.0692009,-7061.913027,30900.20417,19.07133468,17.0499235,20.10255179,,63.10440077
140,15,7,5,0.9,0.8,Wet,125948.1867,203334.2226,40040.65866,0,-24092.13753,-266077.1056,-927.4925549,-389.2960938,-7146.797151,31577.07286,19.25527247,17.04874667,20.19640802,,63.10588069
141,15,7,5,0.9,0.8,Wet,128805.5753,204963.3683,40849.29452,0,-24616.58953,-269258.5709,-955.511372,-397.6432613,-7232.250904,32263.88898,19.43930804,17.04544822,20.28919576,,63.0998071
142,15,7,5,0.9,0.8,Wet,131715.0542,206591.8587,41669.7746,0,-25148.80005,-272472.6095,-984.2713286,-406.1125698,-7318.57957,32960.81114,19.62265124,17.03927476,20.38160385,,63.08344262
143,15,7,5,0.9,0.8,Wet,134680.1147,208172.8799,42501.28752,0,-25688.86591,-275676.7762,-1013.935018,-414.7034335,-7404.64308,33668.00599,19.80833873,17.03301161,20.47078873,,63.06693499
144,15,7,5,0.9,0.8,Wet,137699.6781,209757.0721,43345.17377,0,-26236.86692,-278919.0873,-1044.377765,-423.4194471,-7491.731142,34385.64541,19.99297372,17.02349332,20.55983626,,63.03876731
145,15,7,5,0.9,0.8,Wet,140777.4277,211301.1327,44200.73245,0,-26792.90042,-282160.6885,-1075.760871,-432.2601952,-7578.800137,35113.91125,20.17932614,17.01326572,20.64612489,,63.00821741
146,15,7,5,0.9,0.8,Wet,143913.7909,212826.1041,45068.67348,0,-27357.05338,-285422.2169,-1108.048788,-441.2280423,-7666.404376,35852.99227,20.36594881,17.00096354,20.7309383,,62.97032471
147,15,7,5,0.9,0.8,Wet,147109.9942,214337.0876,45949.36678,0,-27929.41801,-288709.5506,-1141.253592,-450.3247113,-7754.701739,36603.08674,20.5524466,16.98619171,20.81458948,,62.92366285
148,15,7,5,0.9,0.8,Wet,150369.7077,215803.5878,46842.44982,0,-28510.08567,-291996.2735,-1175.513568,-459.5502853,-7842.982698,37364.40327,20.74068568,16.97067358,20.89524777,,62.87451684
149,15,7,5,0.9,0.8,Wet,153692.3076,217261.7385,47748.97197,0,-29099.15122,-295316.6594,-1210.736412,-468.9079581,-7932.167839,38137.15976,20.92828116,16.95214896,20.97509641,,62.81467496
150,15,7,5,0.9,0.8,Wet,157081.7458,218681.8087,48668.6243,0,-29696.70327,-298645.2924,-1247.065441,-478.3978137,-8021.574498,38921.58654,21.11702098,16.93227335,21.05235505,,62.75017697
151,15,7,5,0.9,0.8,Wet,160539.2389,220074.9469,49601.96384,0,-30302.8364,-301993.8846,-1284.49909,-488.0219073,-8111.517259,39717.92559,21.30610114,16.91026553,21.12770169,,62.67819736
152,15,7,5,0.9,0.8,Wet,164066.89,221440.9527,50549.32904,0,-30917.64455,-305363.9474,-1323.078228,-497.7817698,-8202.036715,40526.43233,21.49543088,16.88601261,21.20113155,,62.59834471
153,15,7,5,0.9,0.8,Wet,167668.3624,222763.6052,51510.76321,0,-31541.20719,-308742.91,-1362.912798,-507.6779803,-8292.79522,41347.37721,21.68588316,16.86032376,21.27168461,,62.51358085
154,15,7,5,0.9,0.8,Wet,171346.8181,224036.429,52486.53576,0,-32173.60028,-312127.1924,-1404.081368,-517.7115184,-8383.696614,42181.04626,21.8777002,16.83341761,21.33898719,,62.42471984
155,15,7,5,0.9,0.8,Wet,175102.136,225288.5379,53477.62605,0,-32814.94448,-315544.6133,-1446.509947,-527.8856929,-8475.488103,43027.74231,22.06899103,16.80345317,21.40478258,,62.32509686
156,15,7,5,0.9,0.8,Wet,178940.5022,226484.8984,54483.80003,0,-33465.27738,-318966.7293,-1490.406141,-538.1995988,-8567.405703,43887.78858,22.26168869,16.77227685,21.46699678,,62.2214443
157,15,7,5,0.9,0.8,Wet,182861.8501,227655.2243,55506.0906,0,-34124.7319,-322421.9449,-1535.692981,-548.6567784,-8660.212355,44761.52849,22.45387734,16.73800611,21.5274041,,62.10695644
158,15,7,5,0.9,0.8,Wet,186872.8397,228767.225,56544.39681,0,-34793.32289,-325884.9281,-1582.583061,-559.2561239,-8753.227641,45649.32998,22.64725377,16.70228095,21.58410032,,61.98761593
159,15,7,5,0.9,0.8,Wet,190978.6985,229807.9835,57599.03859,0,-35471.06959,-329347.7882,-1631.214349,-569.9974985,-8846.239622,46551.58712,22.84231423,16.66559703,21.63633666,,61.86524859
160,15,7,5,0.9,0.8,Wet,195178.9434,230813.7781,58671.25713,0,-36158.13632,-332844.8083,-1681.480293,-580.8852615,-8940.169138,47468.72243,23.03677321,16.62567981,21.68626931,,61.73164507
161,15,7,5,0.9,0.8,Wet,199481.1079,231756.3289,59761.17652,0,-36854.49224,-336355.3715,-1733.603448,-591.9178304,-9034.462416,48401.19282,23.23196944,16.58385602,21.73223994,,61.59165372
162,15,7,5,0.9,0.8,Wet,203891.8456,232620.7823,60869.23575,0,-37560.10359,-339871.0444,-1787.755845,-603.094213,-9128.892943,49349.49275,23.42840488,16.54065226,21.77338865,,61.4472203
163,15,7,5,0.9,0.8,Wet,208416.9234,233403.4396,61996.13678,0,-38274.95031,-343393.3379,-1844.062066,-614.4141604,-9223.501298,50314.15926,23.62591551,16.49594045,21.80951461,,61.29792234
164,15,7,5,0.9,0.8,Wet,213058.7313,234125.9632,63143.06285,0,-38999.14826,-346944.9889,-1902.505486,-625.8806867,-9318.898191,51295.77848,23.82299009,16.4481918,21.84190506,,61.13828272
165,15,7,5,0.9,0.8,Wet,217829.8568,234745.8161,64310.2294,0,-39732.41712,-350496.4823,-1963.455864,-637.4878259,-9414.29085,52294.99486,24.02141137,16.39931534,21.86807827,,60.97525393
166,15,7,5,0.9,0.8,Wet,222736.8466,235267.0162,65498.72275,0,-40474.68972,-354057.4802,-2027.029983,-649.2350391,-9509.938802,53312.51893,24.22044738,16.34863897,21.88828809,,60.80646371
167,15,7,5,0.9,0.8,Wet,227790.5524,235672.4386,66709.41492,0,-41225.69906,-357621.369,-2093.491981,-661.1177976,-9605.6644,54349.14074,24.42034972,16.29656134,21.90154948,,60.63341222
168,15,7,5,0.9,0.8,Wet,233001.9912,235951.4966,67943.42979,0,-41985.14448,-361188.0034,-2163.089936,-673.1314004,-9701.463747,55405.74471,24.62092195,16.24305255,21.90726163,,60.45605895
169,15,7,5,0.9,0.8,Wet,238384.2209,236090.1503,69202.01777,0,-42752.59805,-364755.8778,-2236.12246,-685.2690939,-9797.296398,56483.32982,24.82199416,16.18817047,21.90462224,,60.27468808
170,15,7,5,0.9,0.8,Wet,243956.0685,236054.8385,70486.38759,0,-43527.25309,-368310.3313,-2313.065086,-697.517508,-9892.768567,57583.03643,25.02407002,16.13284592,21.89168973,,60.09273283
171,15,7,5,0.9,0.8,Wet,249736.0877,235826.7544,71798.24781,0,-44308.24937,-371850.6864,-2394.341427,-709.8632083,-9987.862052,58706.18112,25.22670436,16.07708404,21.86738429,,59.91030338
172,15,7,5,0.9,0.8,Wet,255746.3693,235384.0479,73139.62091,0,-45094.4513,-375376.7975,-2480.452545,-722.288512,-10082.57295,59854.3069,25.42928321,16.02085388,21.83044581,,59.72739766
173,15,7,5,0.9,0.8,Wet,262027.8338,234642.0845,74512.26967,0,-45883.23536,-378846.8977,-2572.484455,-734.7502807,-10175.7794,61029.25553,25.6331637,15.96691589,21.77594842,,59.55405423
174,15,7,5,0.9,0.8,Wet,268609.2327,233595.6365,75919.59043,0,-46672.71936,-382283.569,-2671.009624,-747.2204906,-10268.08795,62233.27237,25.83587777,15.91374038,21.70358774,,59.38493403
175,15,7,5,0.9,0.8,Wet,275565.7892,232088.6977,77364.29292,0,-47456.96887,-385611.2662,-2778.041093,-759.6026248,-10357.46947,63469.17973,26.03931802,15.86641944,21.6042459,,59.23850143
176,15,7,5,0.9,0.8,Wet,282974.9418,230020.5233,78851.29039,0,-48229.16058,-388810.454,-2895.439842,-771.7894794,-10443.39925,64740.66182,26.24128686,15.82635806,21.47198479,,59.12006335
177,15,7,5,0.9,0.8,Wet,290979.3408,227148.1128,80386.71003,0,-48975.37984,-391792.2168,-3026.853153,-783.5597065,-10523.48902,66052.80816,26.44053692,15.79980286,21.29246807,,59.05244615
178,15,7,5,0.9,0.8,Wet,299841.9986,223009.1552,81979.91649,0,-49666.89976,-394383.4205,-3179.082991,-794.4569332,-10593.08842,67413.28814,26.63382216,15.79914291,21.03828815,,59.08090075
179,15,7,5,0.9,0.8,Wet,444360.2728,105631.9088,95577.61696,0,-37146.24966,-423175.0456,-5906.730696,-600.8561206,-11366.4278,77703.60234,18.67513863,14.17141553,13.65421008,,54.01827117
180,15,7,5,0.9,0.8,Wet,463286.1834,110130.916,99648.39814,0,-38728.35914,-441198.6485,-6158.30642,-626.447403,-11850.53948,81013.10484,18.67513863,12.90054721,13.9539849,,49.81158516
181,15,7,5,0.9,0.8,Wet,482250.9662,114639.1638,103727.5404,0,-40313.71814,-459259.2703,-6410.398859,-652.0912477,-12335.64548,84329.40478,18.67513863,11.57758413,14.25130403,,45.60489916
182,15,7,5,0.9,0.8,Wet,501255.3599,119156.8277,107815.2025,0,-41902.38841,-477357.6145,-6663.017832,-677.7886536,-12821.7647,87652.63131,18.67513863,10.18781447,14.54627859,,41.39821315
183,15,7,5,0.9,0.8,Wet,520300.1158,123684.0864,111911.5461,0,-43494.43274,-495494.3966,-6916.173325,-703.5406365,-13308.91635,90982.91583,18.67513863,8.707444672,14.83901124,,37.19152714
184,15,7,5,0.9,0.8,Wet,539385.9981,128221.1216,116016.7357,0,-45089.91505,-513670.3445,-7169.875499,-729.3482299,-13797.12,94320.39199,18.67513863,7.092800577,15.12959712,,32.98484113
185,15,7,5,0.9,0.8,Wet,558513.7847,132768.1181,120130.9385,0,-46688.90032,-531886.1987,-7424.134691,-755.2124853,-14286.39552,97665.19576,18.67513863,5.243354868,15.41812457,,28.77815512
186,15,7,5,0.9,0.8,Wet,565357.0715,138691.4155,122310.8063,0,-48500.62537,-540741.2866,-7504.231169,-783.9510145,-14524.24205,99498.38205,19.07644038,4.355975352,15.79267227,,27.04615666
187,15,7,5,0.9,0.8,Wet,563364.8976,145775.4591,123105.9123,0,-50458.32503,-543032.374,-7456.254688,-814.6408086,-14585.78037,100249.2365,19.75278579,4.366809164,16.23710754,,27.05252222
188,15,7,5,0.9,0.8,Wet,561270.6774,153106.7809,123894.3865,0,-52409.25874,-545476.9777,-7403.164734,-845.2162057,-14651.44211,100994.5635,20.41451158,4.362454203,16.69178795,,27.03018229
189,15,7,5,0.9,0.8,Wet,560921.6394,153200.8148,123846.9399,0,-52427.15145,-545246.2787,-7397.915849,-845.4838613,-14645.24557,100958.2946,20.4298878,5.498226012,18.10137628,,28.24827565
190,15,7,5,0.9,0.8,Wet,564981.9408,154309.7781,124743.4215,0,-52806.65195,-549193.1121,-7451.466589,-851.604002,-14751.25701,101689.0939,20.4298878,5.860267891,19.20269764,,28.24827565
191,15,7,5,0.9,0.8,Wet,569087.5081,155391.8816,125643.7639,0,-53179.92345,-553161.4505,-7505.748161,-857.6280158,-14857.84607,102422.5417,20.42674871,6.210969038,20.28136521,,28.2483477
192,15,7,5,0.9,0.8,Wet,573177.6949,156508.7253,126546.7999,0,-53562.14204,-557137.1724,-7559.694015,-863.7920218,-14964.63345,103158.6804,20.42674871,6.548906945,21.3365287,,28.2483477
193,15,7,5,0.9,0.8,Wet,577323.7892,157588.5978,127454.0095,0,-53935.65188,-561137.2809,-7614.555367,-869.8213476,-15072.07586,103897.557,20.42262613,6.879409064,22.37801616,,28.24844228
194,15,7,5,0.9,0.8,Wet,581444.9358,158713.5223,128363.8225,0,-54320.66413,-565142.8824,-7668.910826,-876.0304479,-15179.66581,104639.2154,20.42262613,7.199393764,23.4016857,,28.24844228
195,15,7,5,0.9,0.8,Wet,585581.8053,159842.7387,129277.1065,0,-54707.14526,-569163.7659,-7723.473659,-882.2632369,-15287.66622,105383.7034,20.42262613,7.511965922,24.41317036,,28.24844228
196,15,7,5,0.9,0.8,Wet,589734.6633,160976.3193,130193.9203,0,-55095.1201,-573200.1897,-7778.247372,-888.520115,-15396.08405,106131.0688,20.42262613,7.817906596,25.41417547,,28.24844228
197,15,7,5,0.9,0.8,Wet,593945.6765,162072.0192,131115.1646,0,-55474.18669,-577262.3157,-7833.971299,-894.6392649,-15505.19224,106881.3618,20.41850068,8.11989418,26.40919782,,28.24853685
198,15,7,5,0.9,0.8,Wet,598131.628,163214.2543,132039.2251,0,-55865.15216,-581330.6878,-7889.182785,-900.9444148,-15614.4682,107634.6297,20.41850068,8.414406002,27.39310008,,28.24853685
199,15,7,5,0.9,0.8,Wet,602334.3995,164361.0791,132966.9986,0,-56257.68862,-585415.4075,-7944.616123,-907.2749002,-15724.18325,108390.9243,20.41850068,8.703954702,28.36999287,,28.24853685
200,15,7,5,0.9,0.8,Wet,606597.0874,165469.3391,133899.408,0,-56641.1673,-589526.878,-8001.02675,-913.4653758,-15834.61682,109150.299,20.41437235,8.990934536,29.3436687,,28.24863144
201,15,7,5,0.9,0.8,Wet,610834.6711,166625.2797,134834.8064,0,-57036.85282,-593645.2121,-8056.920557,-919.846689,-15945.23475,109912.8044,20.41437235,9.271702364,30.30877103,,28.24863144
202,15,7,5,0.9,0.8,Wet,615089.9595,167786.0498,135774.1129,0,-57434.19152,-597780.7527,-8113.047889,-926.2546633,-16056.31484,110678.4955,20.41437235,9.548566249,31.26890545,,28.24863144
203,15,7,5,0.9,0.8,Wet,619406.9922,168907.5739,136718.2729,0,-57822.32492,-601944.1487,-8170.18051,-932.5203804,-16168.14313,111447.4289,20.41024114,9.823766971,32.22749897,,28.24872603
204,15,7,5,0.9,0.8,Wet,623698.9227,170077.9507,137665.6069,0,-58222.98136,-606115.0775,-8226.792475,-938.9819036,-16280.17375,112219.6588,20.41024114,10.09359623,33.17909571,,28.24872603
205,15,7,5,0.9,0.8,Wet,628009.5004,171253.4124,138617.0569,0,-58625.37853,-610304.1278,-8283.650403,-945.4715003,-16392.6911,112995.2439,20.41024114,10.36024434,34.12702017,,28.24872603
206,15,7,5,0.9,0.8,Wet,632339.0528,172434.0484,139572.695,0,-59029.54702,-614511.6178,-8340.758613,-951.9896636,-16505.70375,113774.243,20.41024114,10.62390242,35.07159822,,28.24872603
207,15,7,5,0.9,0.8,Wet,636722.1824,173585.3555,140533.2831,0,-59426.98684,-618745.9909,-8398.722969,-958.4041697,-16619.43847,114556.7175,20.40709161,10.88623519,36.01532083,,28.2487981
208,15,7,5,0.9,0.8,Wet,641090.9324,174776.3788,141497.5259,0,-59834.73398,-622991.4005,-8456.349233,-964.9800803,-16733.46963,115342.727,20.40709161,11.14441233,36.95403062,,28.2487981
209,15,7,5,0.9,0.8,Wet,645479.6847,175972.8553,142466.1835,0,-60244.34799,-627256.2479,-8514.239339,-971.5860988,-16848.02289,116132.3352,20.40709161,11.4000694,37.89016214,,28.2487981
210,15,7,5,0.9,0.8,Wet,649934.7256,177128.5234,143440.2568,0,-60644.42682,-631551.7693,-8573.203974,-978.0448523,-16963.40005,116925.608,20.40295532,11.65529359,38.82680388,,28.2488927
211,15,7,5,0.9,0.8,Wet,654364.8787,178335.8854,144417.9893,0,-61057.7977,-635856.6185,-8631.641544,-984.7115039,-17079.02775,117722.6085,20.40295532,11.90628708,39.75836241,,28.2488927
212,15,7,5,0.9,0.8,Wet,658816.1332,179548.9982,145400.3789,0,-61473.13753,-640181.9724,-8690.35746,-991.4099098,-17195.2062,118523.4053,20.40295532,12.15511629,40.68788725,,28.2488927
213,15,7,5,0.9,0.8,Wet,663288.8719,180767.9661,146387.51,0,-61890.48202,-644528.2028,-8749.356772,-998.1406458,-17311.9454,119328.0672,20.40295532,12.4018809,41.61552408,,28.2488927
214,15,7,5,0.9,0.8,Wet,667830.7031,181945.2466,147380.4171,0,-62298.11054,-648906.8951,-8809.473045,-1004.721384,-17429.55651,120136.6662,20.39881614,12.64863742,42.54430809,,28.24898731
215,15,7,5,0.9,0.8,Wet,672347.9157,183175.9258,148377.2995,0,-62719.4955,-653296.1069,-8869.060397,-1011.517329,-17547.45018,120949.2716,20.39881614,12.89154428,43.46855857,,28.24898731
216,15,7,5,0.9,0.8,Wet,676887.817,184412.7864,149379.189,0,-63142.99695,-657707.3645,-8928.947038,-1018.347407,-17665.936,121765.9586,20.39881614,13.132643,44.39128186,,28.24898731
217,15,7,5,0.9,0.8,Wet,681450.8271,185655.9428,150386.1782,0,-63568.65408,-662141.076,-8989.138512,-1025.212251,-17785.02493,122586.8025,20.39881614,13.37200698,45.31257681,,28.24898731
218,15,7,5,0.9,0.8,Wet,686085.9069,186856.546,151399.3366,0,-63984.42137,-666609.1867,-9050.491776,-1031.924481,-17905.03781,123411.8825,20.39467407,13.61168179,46.23547307,,28.24908192
219,15,7,5,0.9,0.8,Wet,690696.7634,188112.3198,152416.8194,0,-64414.43017,-671089.1494,-9111.315818,-1038.859553,-18025.36904,124241.275,20.39467407,13.8477806,47.1541854,,28.24908192
220,15,7,5,0.9,0.8,Wet,695332.0523,189374.7478,153439.6937,0,-64846.71755,-675592.851,-9172.462161,-1045.831374,-18146.33789,125075.0623,20.39467407,14.08233694,48.071719,,28.24908192
221,15,7,5,0.9,0.8,Wet,699992.236,190643.956,154468.0616,0,-65281.32663,-680120.7407,-9233.936904,-1052.840639,-18267.95643,125913.3277,20.39467407,14.31540679,48.98814352,,28.24908192
222,15,7,5,0.9,0.8,Wet,704727.662,191869.762,155503.0291,0,-65705.88021,-684685.1356,-9296.620956,-1059.694809,-18390.55549,126756.1578,20.3905291,14.54903715,49.90651317,,28.24917654
223,15,7,5,0.9,0.8,Wet,709439.4039,193152.5849,156542.7075,0,-66145.18346,-689262.8752,-9358.777277,-1066.779827,-18513.513,127603.6374,20.3905291,14.77929312,50.820921,,28.24917654
224,15,7,5,0.9,0.8,Wet,714177.4999,194442.583,157588.2011,0,-66586.94385,-693866.2192,-9421.281255,-1073.904474,-18637.15823,128455.8571,20.3905291,15.00821128,51.7343985,,28.24917654
225,15,7,5,0.9,0.8,Wet,718942.4604,195739.8952,158639.6226,0,-67031.20897,-698495.6637,-9484.139623,-1081.069517,-18761.50452,129312.9089,20.3905291,15.23583551,52.64699631,,28.24917654
226,15,7,5,0.9,0.8,Wet,723734.8088,197044.6642,159697.0874,0,-67478.02763,-703151.7173,-9547.359289,-1088.275743,-18886.56552,130174.8868,20.3905291,15.46220723,53.55876137,,28.24917654
227,15,7,5,0.9,0.8,Wet,728594.3868,198317.3952,160761.5035,0,-67917.66048,-707844.2545,-9611.636508,-1095.371656,-19012.60647,131041.8889,20.38736908,15.68890504,54.4720748,,28.24924864
228,15,7,5,0.9,0.8,Wet,733443.399,199637.2564,161831.4191,0,-68369.6727,-712555.1684,-9675.604806,-1102.66168,-19139.14102,131914.0116,20.38736908,15.91289144,55.38231501,,28.24924864
229,15,7,5,0.9,0.8,Wet,738321.454,200965.0228,162907.7429,0,-68824.39221,-717294.298,-9739.956238,-1109.995367,-19266.43344,132791.3579,20.38736908,16.13573693,56.29184482,,28.24924864
230,15,7,5,0.9,0.8,Wet,743281.7797,202247.7614,163991.6601,0,-69268.75863,-722074.7437,-9805.621431,-1117.169555,-19394.8356,133674.0336,20.383219,16.35951335,57.2038215,,28.24934327
231,15,7,5,0.9,0.8,Wet,748220.0281,203591.464,165081.1952,0,-69728.96947,-726872.0959,-9870.768453,-1124.591855,-19523.69187,134562.143,20.383219,16.58018143,58.11205207,,28.24934327
232,15,7,5,0.9,0.8,Wet,753189.1092,204943.5562,166177.5329,0,-70192.05372,-731699.401,-9936.32223,-1132.060498,-19653.35267,135455.7975,20.383219,16.79980402,59.01967153,,28.24934327
233,15,7,5,0.9,0.8,Wet,758189.6512,206304.209,167280.8119,0,-70658.0699,-736557.2695,-10002.29105,-1139.576427,-19783.8344,136355.1101,20.383219,17.01840984,59.92670867,,28.24934327
234,15,7,5,0.9,0.8,Wet,763222.2995,207673.598,168391.1746,0,-71127.07817,-741446.3281,-10068.68343,-1147.140613,-19915.15389,137260.1967,20.383219,17.23602627,60.83319045,,28.24934327
235,15,7,5,0.9,0.8,Wet,768342.1669,208997.0065,169509.8609,0,-71585.57572,-746380.1993,-10136.46248,-1154.543014,-20047.67704,138171.1783,20.37906602,17.45474993,61.74236175,,28.2494379
236,15,7,5,0.9,0.8,Wet,773441.3986,210384.0502,170634.8415,0,-72060.6654,-751333.6767,-10203.73481,-1162.205332,-20180.72681,139088.1745,20.37906602,17.6704713,62.6478273,,28.2494379
237,15,7,5,0.9,0.8,Wet,778574.7841,211780.3841,171767.3571,0,-72538.93716,-756320.3317,-10271.45772,-1169.918972,-20314.66773,140011.3126,20.37906602,17.88527831,63.55280925,,28.2494379
238,15,7,5,0.9,0.8,Wet,783743.0439,213186.2041,172907.5665,0,-73020.45811,-761340.8641,-10339.64072,-1177.685015,-20449.51859,140940.7222,20.37906602,18.09919378,64.45732863,,28.2494379
239,15,7,5,0.9,0.8,Wet,788946.9186,214601.7118,174055.6332,0,-73505.29726,-766395.9935,-10408.29357,-1185.504574,-20585.29872,141876.5364,20.37906602,18.31223954,65.36140524,,28.2494379
240,15,7,5,0.9,0.8,Wet,794243.4831,215970.3501,175212.8565,0,-73979.49549,-771499.8944,-10478.41315,-1193.160514,-20722.38885,142818.8939,20.37491013,18.5265415,66.26838338,,28.24953255
241,15,7,5,0.9,0.8,Wet,799521.2718,217405.4842,176377.1549,0,-74471.09303,-776626.5508,-10548.04275,-1201.089127,-20860.09019,143767.9328,20.37491013,18.73791665,67.17165101,,28.24953255
242,15,7,5,0.9,0.8,Wet,804837.0311,218850.9432,177549.8297,0,-74966.22733,-781790.0905,-10618.17328,-1209.074781,-20998.78221,144723.7995,20.37491013,18.9484824,68.07452908,,28.24953255
243,15,7,5,0.9,0.8,Wet,810191.5918,220306.953,178731.0643,0,-75464.97577,-786991.3204,-10688.81573,-1217.118726,-21138.48658,145686.6433,20.37491013,19.15825721,68.97703334,,28.24953255
244,15,7,5,0.9,0.8,Wet,815585.8091,221773.7463,179921.0473,0,-75967.41801,-792231.0714,-10759.98136,-1225.222245,-21279.22563,146656.6181,20.37491013,19.36725887,69.87917868,,28.24953255
245,15,7,5,0.9,0.8,Wet,821020.5639,223251.5625,181119.973,0,-76473.6361,-797510.1991,-10831.68179,-1233.386661,-21421.02232,147633.8822,20.37491013,19.57550442,70.78097919,,28.24953255
246,15,7,5,0.9,0.8,Wet,826555.3974,224681.5578,182329.2196,0,-76969.10515,-802843.5868,-10904.95629,-1241.386046,-21564.27644,148618.6008,20.37075132,19.78515905,71.68590943,,28.24962719
247,15,7,5,0.9,0.8,Wet,832074.3705,226181.7736,183546.6456,0,-77483.03371,-808204.2343,-10977.76951,-1249.674874,-21708.26275,149610.9385,20.37075132,19.9919484,72.58708265,,28.24962719
248,15,7,5,0.9,0.8,Wet,837636.6905,227693.7724,184773.6335,0,-78000.99874,-813606.9853,-11051.15462,-1258.028805,-21853.37995,150611.0701,20.37075132,20.19802919,73.48794931,,28.24962719
249,15,7,5,0.9,0.8,Wet,843243.3512,229217.8242,186010.4025,0,-78523.09279,-819052.8048,-11125.12472,-1266.44933,-21999.65397,151619.1745,20.37075132,20.4034161,74.38852084,,28.24962719
250,15,7,5,0.9,0.8,Wet,848895.3772,230754.2076,187257.1786,0,-79049.41128,-824542.6884,-11199.69335,-1274.937988,-22147.11154,152635.4357,20.37075132,20.60812329,75.28880808,,28.24962719
251,15,7,5,0.9,0.8,Wet,854654.4815,232242.0924,188515.4134,0,-79564.93757,-830092.1598,-11275.93692,-1283.261206,-22296.16963,153660.0457,20.3665896,20.81435145,76.19240181,,28.24972185
252,15,7,5,0.9,0.8,Wet,860386.3109,233818.2516,189782.6272,0,-80103.52587,-835669.9067,-11351.49732,-1291.945748,-22445.98721,154693.1969,20.36758075,21.01722465,77.09131641,,28.24969931
253,15,7,5,0.9,0.8,Wet,866181.2258,235393.0754,191060.8602,0,-80643.04295,-841298.3505,-11427.95247,-1300.647322,-22597.16649,155735.0939,20.36758075,21.21997858,77.99082909,,28.24969931
254,15,7,5,0.9,0.8,Wet,872025.9442,236981.4338,192350.0788,0,-81187.19684,-846975.1671,-11505.06469,-1309.423681,-22749.64506,156785.9453,20.36758075,21.42210474,78.89009602,,28.24969931
255,15,7,5,0.9,0.8,Wet,877921.6662,238583.6529,193650.5477,0,-81736.09925,-852701.5221,-11582.84984,-1318.276627,-22903.45423,157845.967,20.36758075,21.62361502,79.7891257,,28.24969931
256,15,7,5,0.9,0.8,Wet,883932.3896,240136.8445,194963.8012,0,-82274.22579,-858493.6304,-11662.42339,-1326.964694,-23059.02952,158915.3836,20.3634168,21.82674715,80.69162962,,28.24979397
257,15,7,5,0.9,0.8,Wet,889934.3067,241767.3781,196287.609,0,-82832.86929,-864322.8179,-11741.61146,-1335.974809,-23215.60075,159994.422,20.3634168,22.02706762,81.59023338,,28.24979397
258,15,7,5,0.9,0.8,Wet,895991.0758,243412.8132,197623.5152,0,-83396.61828,-870205.2787,-11821.52323,-1345.067268,-23373.6029,161083.3218,20.3634168,22.2268057,82.48862325,,28.24979397
259,15,7,5,0.9,0.8,Wet,902104.0656,245073.5217,198971.8216,0,-83965.60014,-876142.3423,-11902.17677,-1354.244125,-23533.07167,162182.3291,20.3634168,22.42597184,83.38680631,,28.24979397
260,15,7,5,0.9,0.8,Wet,908274.6917,246749.8883,200332.8406,0,-84539.94665,-882135.3835,-11983.59075,-1363.507507,-23694.04399,163291.6983,20.3634168,22.62457618,84.28478929,,28.24979397
261,15,7,5,0.9,0.8,Wet,914504.4185,248442.3106,201706.895,0,-85119.79411,-888185.8245,-12065.78449,-1372.859611,-23856.55807,164411.6928,20.3634168,22.82262852,85.18257866,,28.24979397
262,15,7,5,0.9,0.8,Wet,920860.1733,250085.3145,203095.6335,0,-85688.98073,-894310.7969,-12149.92337,-1382.049071,-24021.07404,165542.587,20.35924994,23.02241295,86.08403642,,28.24988863
263,15,7,5,0.9,0.8,Wet,927213.1539,251810.6439,204496.7829,0,-86280.14588,-900480.6143,-12233.74525,-1391.583777,-24186.79455,166684.6593,20.35924994,23.21939755,86.9814822,,28.24988863
264,15,7,5,0.9,0.8,Wet,933629.9482,253553.3038,205912.0063,0,-86877.24909,-906712.4057,-12318.40909,-1401.214256,-24354.17968,167838.2033,20.35924994,23.41585791,87.87875223,,28.24988863
265,15,7,5,0.9,0.8,Wet,940112.2388,255313.7509,207341.675,0,-87480.44694,-913007.805,-12403.9371,-1410.943033,-24523.2733,169003.5215,20.35924994,23.61180274,88.77585195,,28.24988863
266,15,7,5,0.9,0.8,Wet,946661.7691,257092.4589,208786.1733,0,-88089.90165,-919368.5054,-12490.35227,-1420.772726,-24694.1209,170180.9274,20.35924994,23.80724049,89.67278657,,28.24988863
267,15,7,5,0.9,0.8,Wet,953280.3462,258889.9185,210245.8999,0,-88705.78139,-925796.2618,-12577.67845,-1430.706045,-24866.76962,171370.7458,20.35924994,24.00217938,90.56956107,,28.24988863
268,15,7,5,0.9,0.8,Wet,959969.8436,260706.6384,211721.268,0,-89328.26049,-932292.8939,-12665.94037,-1440.745804,-25041.26833,172573.3135,20.35924994,24.1966274,91.46618025,,28.24988863
269,15,7,5,0.9,0.8,Wet,966800.9144,262473.9534,213214.0871,0,-89940.39358,-938876.7538,-12756.36653,-1450.628466,-25218.10997,173788.9821,20.35508014,24.3929244,92.36668724,,28.24998331
270,15,7,5,0.9,0.8,Wet,973638.643,264330.3084,214722.0501,0,-90576.49973,-945516.9879,-12846.58632,-1460.88808,-25396.46581,175018.1099,20.35508014,24.58642189,93.2630355,,28.24998331
271,15,7,5,0.9,0.8,Wet,980553.3499,266207.5619,216246.9896,0,-91219.76707,-952231.9769,-12937.82178,-1471.263195,-25576.82956,176261.0751,20.35508014,24.77945118,94.15924181,,28.24998331
272,15,7,5,0.9,0.8,Wet,987537.8159,268115.7613,217789.196,0,-91872.73886,-959021.5795,-13029.9372,-1481.793495,-25759.19742,177518.2679,20.35563818,24.97170409,95.05475928,,28.24997064
273,15,7,5,0.9,0.8,Wet,994613.0149,270036.6724,219349.5433,0,-92530.95963,-965892.4743,-13123.28998,-1492.40978,-25943.74878,178790.0947,20.35563818,25.16381718,95.95069026,,28.24997064
274,15,7,5,0.9,0.8,Wet,1001771.967,271980.3223,220928.3611,0,-93196.97211,-972844.7035,-13217.74782,-1503.151737,-26130.48477,180076.9768,20.35563818,25.35548297,96.84649106,,28.24997064
275,15,7,5,0.9,0.8,Wet,1009071.77,273892.337,222527.286,0,-93857.37798,-979893.7423,-13314.29967,-1513.811041,-26319.82105,181379.3543,20.35245953,25.54852303,97.74536417,,28.25004277
276,15,7,5,0.9,0.8,Wet,1016406.036,275883.0768,224144.6877,0,-94539.56432,-987015.9329,-13411.07238,-1524.813918,-26511.12218,182697.6792,20.35245953,25.73932015,98.64093565,,28.25004277
277,15,7,5,0.9,0.8,Wet,1023831.669,277898.6163,225782.2382,0,-95230.24905,-994226.8486,-13509.05065,-1535.953864,-26704.80646,184032.4272,20.35245953,25.9296893,99.53638752,,28.25004277
278,15,7,5,0.9,0.8,Wet,1031351.413,279939.7004,227440.5427,0,-95929.68741,-1001529.154,-13608.27068,-1547.234997,-26900.94546,185384.0916,20.35245953,26.11963658,100.431723,,28.25004277
279,15,7,5,0.9,0.8,Wet,1038968.126,282007.1046,229120.2314,0,-96638.14512,-1008925.624,-13708.77017,-1558.661601,-27099.6137,186753.1859,20.35245953,26.30916798,101.3269453,,28.25004277
280,15,7,5,0.9,0.8,Wet,1046759.233,284026.6846,230823.4565,0,-97337.33839,-1016437.015,-13811.89133,-1569.949373,-27301.36869,188140.2471,20.34828496,26.500714,102.2263922,,28.25013745
281,15,7,5,0.9,0.8,Wet,1054579.491,286148.6261,232547.9208,0,-98064.53814,-1024030.737,-13915.0789,-1581.678344,-27505.33511,189545.8284,20.34828496,26.68943924,103.1214239,,28.25013745
282,15,7,5,0.9,0.8,Wet,1062506.031,288299.4062,234295.8217,0,-98801.62104,-1031727.664,-14019.66887,-1593.566719,-27712.07357,190970.5125,20.34828496,26.87776564,104.0163512,,28.25013745
283,15,7,5,0.9,0.8,Wet,1070542.224,290479.9394,236067.9024,0,-99548.90045,-1039531.066,-14125.70569,-1605.619554,-27921.67197,192414.9051,20.34828496,27.06569859,104.9111769,,28.25013745
284,15,7,5,0.9,0.8,Wet,1078691.585,292691.1795,237864.9381,0,-100306.7033,-1047444.359,-14233.23576,-1617.84212,-28134.22201,193879.6382,20.34828496,27.25324339,105.8059034,,28.25013745
285,15,7,5,0.9,0.8,Wet,1086957.785,294934.1224,239687.738,0,-101075.3708,-1055471.106,-14342.30749,-1630.239923,-28349.8194,195365.3712,20.34828496,27.44040518,106.7005333,,28.25013745
286,15,7,5,0.9,0.8,Wet,1095344.653,297209.8077,241537.1471,0,-101855.2593,-1063615.026,-14452.97145,-1642.818708,-28568.56407,196872.7929,20.34828496,27.62718901,107.5950692,,28.25013745
287,15,7,5,0.9,0.8,Wet,1103856.195,299519.3215,243414.0481,0,-102646.7411,-1071880.008,-14565.28046,-1655.58448,-28790.56042,198402.6228,20.34828496,27.8135998,108.4895133,,28.25013745
288,15,7,5,0.9,0.8,Wet,1112575.765,301784.1112,245320.955,0,-103430.4659,-1080289.131,-14680.675,-1668.236407,-29016.42839,199955.6152,20.34410746,28.00213538,109.388423,,28.25023214
289,15,7,5,0.9,0.8,Wet,1121350.02,304164.1117,247255.6625,0,-104246.1634,-1088808.759,-14796.45317,-1681.392844,-29245.26453,201532.5519,20.34410746,28.18782284,110.2827177,,28.25023214
290,15,7,5,0.9,0.8,Wet,1130262.094,306581.4951,249220.7587,0,-105074.6732,-1097462.207,-14914.04988,-1694.75593,-29477.69504,203134.2578,20.34410746,28.37315139,111.1769274,,28.25023214
291,15,7,5,0.9,0.8,Wet,1139316.777,309037.561,251217.3,0,-105916.4407,-1106254.126,-15033.52836,-1708.332849,-29713.84485,204761.5939,20.34410746,28.55812553,112.071054,,28.25023214
292,15,7,5,0.9,0.8,Wet,1148519.087,311533.6707,253246.3929,0,-106771.9323,-1115189.388,-15154.95482,-1722.131127,-29953.84485,206415.4621,20.34410746,28.74274965,112.9650997,,28.25023214
293,15,7,5,0.9,0.8,Wet,1157874.283,314071.2501,255309.1966,0,-107641.6368,-1124273.098,-15278.39862,-1736.158646,-30197.83215,208096.8072,20.34410746,28.92702806,113.8590662,,28.25023214
294,15,7,5,0.9,0.8,Wet,1167387.876,316651.7944,257406.9267,0,-108526.0668,-1133510.609,-15403.93251,-1750.423671,-30445.95052,209806.62,20.34410746,29.11096497,114.7529555,,28.25023214
295,15,7,5,0.9,0.8,Wet,1177065.648,319276.8722,259540.8581,0,-109425.7597,-1142907.535,-15531.63278,-1764.934874,-30698.35075,211545.9397,20.34410746,29.2945645,115.6467694,,28.25023214
296,15,7,5,0.9,0.8,Wet,1186998.178,321863.0859,261714.0277,0,-110320.2076,-1152490.087,-15663.05789,-1779.37351,-30955.73687,213315.8594,20.33992703,29.48039273,116.5452887,,28.25032684
297,15,7,5,0.9,0.8,Wet,1197023.536,324581.5337,263924.458,0,-111251.9694,-1162223.99,-15795.3477,-1794.402055,-31217.18827,215117.52,20.33992703,29.66333804,117.4389848,,28.25032684
298,15,7,5,0.9,0.8,Wet,1207232.226,327349.6934,266175.3102,0,-112200.7702,-1172135.896,-15930.05667,-1809.705425,-31483.4208,216952.1273,20.33992703,29.84595785,118.3326107,,28.25032684
299,15,7,5,0.9,0.8,Wet,1217631.291,330169.4747,268468.137,0,-113167.2645,-1182232.642,-16067.27774,-1825.294178,-31754.61812,218820.9469,20.33992703,30.02825594,119.2261679,,28.25032684
300,15,7,5,0.9,0.8,Wet,1228228.142,333042.8869,270804.5723,0,-114152.1412,-1192521.424,-16207.10869,-1841.179422,-32030.97349,220725.3107,20.33992703,30.21023604,120.119658,,28.25032684
301,15,7,5,0.9,0.8,Wet,1239030.58,335972.0455,273186.3362,0,-115156.1252,-1203009.816,-16349.65247,-1857.372851,-32312.69037,222666.6205,20.33992703,30.39190177,121.0130825,,28.25032684
302,15,7,5,0.9,0.8,Wet,1250046.824,338959.1794,275615.2412,0,-116179.9805,-1213705.8,-16495.01755,-1873.886789,-32599.98312,224646.3537,20.33992703,30.57325672,121.9064428,,28.25032684
303,15,7,5,0.9,0.8,Wet,1261285.543,342006.6386,278093.198,0,-117224.5126,-1224617.789,-16643.31828,-1890.734227,-32893.07776,226666.0677,20.33992703,30.75430437,122.7997405,,28.25032684
304,15,7,5,0.9,0.8,Wet,1272755.878,345116.9026,280622.2228,0,-118290.5714,-1235754.662,-16794.67532,-1907.928871,-33192.21276,228727.4058,20.33992703,30.93504815,123.6929767,,28.25032684
305,15,7,5,0.9,0.8,Wet,1284558.989,348200.529,283206.2839,0,-119356.2367,-1247147.814,-16950.81644,-1925.130198,-33498.23135,230832.1059,20.33574365,31.11813157,124.591187,,28.25042153
306,15,7,5,0.9,0.8,Wet,1296522.927,351443.5484,285843.9694,0,-120467.8795,-1258763.317,-17108.69048,-1943.060195,-33810.2223,232981.9964,20.33574365,31.2982862,125.4843327,,28.25042153
307,15,7,5,0.9,0.8,Wet,1308749.152,354757.6646,288539.4809,0,-121603.8928,-1270633.468,-17270.02561,-1961.383273,-34129.05304,235179.019,20.33574365,31.47814687,126.377421,,28.25042153
308,15,7,5,0.9,0.8,Wet,1321249.086,358145.9743,291295.3371,0,-122765.3382,-1282769.357,-17434.97256,-1980.11655,-34455.02147,237425.2265,20.33574365,31.65771673,127.2704531,,28.25042153
309,15,7,5,0.9,0.8,Wet,1334034.832,361611.758,294114.2063,0,-123953.3401,-1295182.735,-17603.69104,-1999.278167,-34788.44321,239722.7938,20.33574365,31.83699892,128.1634301,,28.25042153
310,15,7,5,0.9,0.8,Wet,1347119.226,365158.4951,296998.9182,0,-125169.0912,-1307886.062,-17776.35042,-2018.887358,-35129.65297,242074.0275,20.33574365,32.01599648,129.0563533,,28.25042153
311,15,7,5,0.9,0.8,Wet,1360515.893,368789.8787,299952.4768,0,-126413.8575,-1320892.568,-17953.1305,-2038.964542,-35479.00605,244481.3757,20.33574365,32.19471241,129.9492237,,28.25042153
312,15,7,5,0.9,0.8,Wet,1374239.31,372509.8332,302978.0738,0,-127688.9842,-1334216.307,-18134.22232,-2059.531417,-35836.88,246947.4401,20.33574365,32.37314965,130.8420425,,28.25042153
313,15,7,5,0.9,0.8,Wet,1388304.878,376322.5334,306079.1049,0,-128995.9022,-1347872.234,-18319.8291,-2080.611064,-36203.67644,249474.9883,20.33574365,32.55131109,131.7348107,,28.25042153
314,15,7,5,0.9,0.8,Wet,1402828.975,380131.8588,309261.196,0,-130311.2025,-1361900.35,-18511.91549,-2101.840149,-36580.46987,252066.9705,20.33155733,32.7319183,132.6328215,,28.25051624
315,15,7,5,0.9,0.8,Wet,1417606.134,384166.8225,312523.7207,0,-131692.1139,-1376263.936,-18706.81364,-2124.10998,-36966.27394,254726.5231,20.33255434,32.90889572,133.5242529,,28.25049369
316,15,7,5,0.9,0.8,Wet,1432801.833,388284.8094,315873.746,0,-133103.7568,-1391016.476,-18907.33697,-2146.878882,-37362.5253,257457.0048,20.33255434,33.08625314,134.4168971,,28.25049369
317,15,7,5,0.9,0.8,Wet,1448412.223,392515.1762,319315.1935,0,-134553.9236,-1406171.615,-19113.33259,-2170.269149,-37769.59038,260262.0014,20.33255434,33.26334581,135.3094947,,28.25049369
318,15,7,5,0.9,0.8,Wet,1464458.67,396863.7129,322852.7736,0,-136044.5989,-1421750.092,-19325.08244,-2194.312793,-38188.02631,263145.352,20.33255434,33.44017637,136.2020466,,28.25049369
319,15,7,5,0.9,0.8,Wet,1480964.078,401336.6268,326491.5357,0,-137577.9106,-1437774.147,-19542.88877,-2219.044135,-38618.43037,266111.1724,20.33255434,33.61674743,137.0945537,,28.25049369
320,15,7,5,0.9,0.8,Wet,1497953.04,405940.5824,330236.9016,0,-139156.1433,-1454267.653,-19767.07611,-2244.500024,-39061.44386,269163.8816,20.33255434,33.79306152,137.9870169,,28.25049369
321,15,7,5,0.9,0.8,Wet,1515452.005,410682.747,334094.7021,0,-140781.754,-1471256.289,-19997.99348,-2270.720089,-39517.75645,272308.2321,20.33255434,33.96912115,138.8794371,,28.25049369
322,15,7,5,0.9,0.8,Wet,1533598.801,415460.8765,338073.417,0,-142430.1199,-1488794.069,-20237.92845,-2297.322758,-39988.81899,275549.3468,20.32836577,34.14771749,139.7773384,,28.2505884
323,15,7,5,0.9,0.8,Wet,1552206.833,420501.9011,342175.4552,0,-144158.3061,-1506858.46,-20483.48682,-2325.19749,-40474.02622,278892.7447,20.32836577,34.32328418,140.6697037,,28.2505884
324,15,7,5,0.9,0.8,Wet,1571417.401,425706.156,346410.3191,0,-145942.4516,-1525507.782,-20736.99646,-2353.974816,-40974.94464,282344.4032,20.32836577,34.49860368,141.5620283,,28.2505884
325,15,7,5,0.9,0.8,Wet,1591266.527,431083.4003,350785.9497,0,-147785.9021,-1544777.008,-20998.93276,-2383.7087,-41492.51359,285910.7947,20.32836577,34.67367833,142.4543132,,28.2505884
326,15,7,5,0.9,0.8,Wet,1611793.321,436644.2287,355310.9685,0,-149692.2897,-1564704.103,-21269.81181,-2414.457727,-42027.75282,289598.9461,20.32836577,34.84851044,143.3465589,,28.2505884
327,15,7,5,0.9,0.8,Wet,1633040.333,442400.1685,359994.7555,0,-151665.5662,-1585330.375,-21550.19513,-2446.285638,-42581.77186,293416.5029,20.32836577,35.02310226,144.2387663,,28.2505884
328,15,7,5,0.9,0.8,Wet,1655053.964,448363.7897,364847.5393,0,-153710.041,-1606700.869,-21840.69502,-2479.261938,-43155.78059,297371.8017,20.32836577,35.19745603,145.1309361,,28.2505884
329,15,7,5,0.9,0.8,Wet,1677884.93,454548.8317,369880.5,0,-155830.4242,-1628864.818,-22141.98076,-2513.462602,-43751.10145,301473.9552,20.32836577,35.37157394,146.023069,,28.2505884
330,15,7,5,0.9,0.8,Wet,1701588.8,460970.3487,375105.8878,0,-158031.8768,-1651876.17,-22454.78567,-2548.970872,-44369.18343,305732.9479,20.32836577,35.54545815,146.9151656,,28.2505884
331,15,7,5,0.9,0.8,Wet,1726226.616,467644.8771,380537.1588,0,-160320.0679,-1675794.182,-22779.91527,-2585.878189,-45011.61818,310159.7472,20.32836577,35.71911077,147.8072266,,28.2505884
332,15,7,5,0.9,0.8,Wet,1751990.573,474464.9661,386191.6456,0,-162670.0696,-1700714.265,-23120.44113,-2623.800282,-45680.96844,314766.4357,20.32417425,35.89541039,148.7050677,,28.25068312
333,15,7,5,0.9,0.8,Wet,1778706.877,481700.1364,392080.7259,0,-165150.644,-1726648.651,-23473.00737,-2663.810911,-46377.56273,319566.3449,20.32417425,36.06861471,149.5970883,,28.25068312
334,15,7,5,0.9,0.8,Wet,1806580.873,489248.8268,398224.9966,0,-167738.7086,-1753706.845,-23840.85129,-2705.555313,-47104.3424,324574.2476,20.32417425,36.24159362,150.4890753,,28.25068312
335,15,7,5,0.9,0.8,Wet,1835703.845,497135.7586,404644.5795,0,-170442.7391,-1781977.463,-24225.17754,-2749.170196,-47863.68757,329806.5442,20.32417425,36.4143491,151.3810293,,28.25068312
336,15,7,5,0.9,0.8,Wet,1866177.447,505388.4608,411361.8819,0,-173272.1738,-1811559.18,-24627.3276,-2794.807796,-48658.24872,335281.4978,20.32417425,36.58688311,152.2729507,,28.25068312
337,15,7,5,0.9,0.8,Wet,1898115.207,514037.6786,418401.9289,0,-176237.5537,-1842562.202,-25048.79967,-2842.638135,-49490.98596,341019.5051,20.32417425,36.75919759,153.1648402,,28.25068312
338,15,7,5,0.9,0.8,Wet,1931644.288,523117.85,425792.7513,0,-179350.6858,-1875109.973,-25491.27189,-2892.851655,-50365.21494,347043.4129,20.32417425,36.93129443,154.0566984,,28.25068312
339,15,7,5,0.9,0.8,Wet,1966907.555,532667.6643,433565.8405,0,-182624.8347,-1909341.174,-25956.62958,-2945.662309,-51284.66062,353378.888,20.32417425,37.10317552,154.9485257,,28.25068312
340,15,7,5,0.9,0.8,Wet,2004065.986,542730.7172,441756.6812,0,-186074.9472,-1945412.072,-26446.99712,-3001.311183,-52253.52035,360054.8525,20.32417425,37.27484268,155.8403228,,28.25068312
341,15,7,5,0.9,0.8,Wet,2043301.526,553356.2819,450405.3795,0,-189717.9166,-1983499.288,-26964.77559,-3060.070758,-53276.53811,367103.995,20.32417425,37.44629774,156.7320901,,28.25068312
342,15,7,5,0.9,0.8,Wet,2084820.439,564600.2178,459557.4021,0,-193572.8943,-2023803.048,-27512.68698,-3122.249937,-54359.09197,374563.3732,20.32417425,37.61754248,157.6238282,,28.25068312
343,15,7,5,0.9,0.8,Wet,2128857.274,576526.044,469264.4506,0,-197661.6577,-2066551.036,-28093.82654,-3188.199983,-55507.29749,382475.1266,20.32417425,37.78857868,158.5155375,,28.25068312
344,15,7,5,0.9,0.8,Wet,2175834.838,589050.1022,479588.6194,0,-201970.3112,-2112040.448,-28714.43847,-3257.718895,-56729.1373,390887.3248,20.31997977,37.96238985,159.4133856,,28.25077784
345,15,7,5,0.9,0.8,Wet,2225752.22,602563.9216,490591.2048,0,-206603.8565,-2160494.278,-29373.19693,-3332.456553,-58030.60099,399854.9503,20.31997977,38.13302278,160.305068,,28.25077784
346,15,7,5,0.9,0.8,Wet,2279112.653,617009.8566,502352.6933,0,-211557.0005,-2212290.209,-30077.39324,-3412.349239,-59421.83311,409441.1177,20.31997977,38.3034523,161.196723,,28.25077784
347,15,7,5,0.9,0.8,Wet,2336320.535,632497.3871,514962.2206,0,-216867.2811,-2267820.784,-30832.36424,-3498.00243,-60913.37728,419718.4767,20.31997977,38.47368006,162.0883513,,28.25077784
348,15,7,5,0.9,0.8,Wet,2397842.819,649152.9288,528522.711,0,-222578.0431,-2327539.266,-31644.2723,-3590.115262,-62517.40809,430770.9153,20.31997977,38.64370771,162.9799531,,28.25077784
349,15,7,5,0.9,0.8,Wet,2464220.339,667122.898,543153.3726,0,-228739.4889,-2391970.631,-32520.25479,-3689.497484,-64248.02633,442695.594,20.31997977,38.81353686,163.8715289,,28.25077784
350,15,7,5,0.9,0.8,Wet,2536081.392,686577.3895,558992.6921,0,-235409.9397,-2461724.753,-33468.60332,-3797.0898,-66121.61317,455605.3858,20.31997977,38.9831691,164.7630792,,28.25077784
351,15,7,5,0.9,0.8,Wet,2614158.063,707714.5965,576202.0328,0,-242657.3508,-2537512.255,-34498.97922,-3913.988309,-68157.25583,469631.8094,20.31997977,39.15260601,165.6546043,,28.25077784
352,15,7,5,0.9,0.8,Wet,2699305.883,730766.1309,594969.967,0,-250561.1362,-2620163.583,-35622.67289,-4041.473932,-70377.25997,484928.5602,20.31997977,39.32184912,166.5461048,,28.25077784
353,15,7,5,0.9,0.8,Wet,2792527.519,756003.4391,615517.4989,0,-259214.3678,-2710652.008,-36852.91651,-4181.047892,-72807.76751,501675.767,20.31997977,39.49089997,167.4375808,,28.25077784
354,15,7,5,0.9,0.8,Wet,2895001.413,783745.553,638104.3758,0,-268726.4337,-2810121.419,-38205.26196,-4334.474585,-75479.50322,520085.136,20.31997977,39.65976007,168.329033,,28.25077784
355,15,7,5,0.9,0.8,Wet,3008116.503,814368.4908,663036.7413,0,-279226.2609,-2919920.03,-39698.03899,-4503.833562,-78428.67993,540406.1889,20.31997977,39.82843089,169.2204615,,28.25077784
356,15,7,5,0.9,0.8,Wet,3133738.34,848091.8246,690680.9751,0,-290810.427,-3041695.587,-41356.82395,-4690.714487,-81699.55587,562933.8808,20.31578234,40.0000011,170.1183888,,28.25087257
357,15,7,5,0.9,0.8,Wet,3273376.384,885882.4346,721457.4248,0,-303768.8155,-3177232.245,-43199.66639,-4899.730724,-85340.05323,588017.9744,20.31578234,40.16830641,171.0098007,,28.25087257
358,15,7,5,0.9,0.8,Wet,3429563.769,928151.836,755881.3758,0,-318262.9804,-3328832.164,-45260.91511,-5133.518727,-89412.00774,616074.9342,20.31578234,40.33642677,171.9011901,,28.25087257
359,15,7,5,0.9,0.8,Wet,3605076.348,975651.2656,794564.6308,0,-334550.5202,-3499189.667,-47577.20386,-5396.233513,-93987.78856,647603.4049,20.31578234,40.50436361,172.7925575,,28.25087257
360,15,7,5,0.9,0.8,Wet,3803266.623,1029288.019,838246.0865,0,-352942.5467,-3691558.786,-50192.77651,-5692.893251,-99154.79858,683205.6181,20.31578234,40.67211829,173.683903,,28.25087257
361,15,7,5,0.9,0.8,Wet,4028240.268,1090173.227,887830.6398,0,-373820.0656,-3909924.606,-53161.81681,-6029.643489,-105020.0767,723619.1029,20.31578234,40.8396922,174.5752272,,28.25087257
362,15,7,5,0.9,0.8,Wet,4285138.417,1159698.247,944451.4055,0,-397660.1736,-4159277.258,-56552.17375,-6414.179701,-111717.6571,769767.3949,20.31578234,41.00708668,175.4665302,,28.25087257
363,15,7,5,0.9,0.8,Wet,4580619.441,1239665.051,1009575.899,0,-425080.7663,-4446079.546,-60451.7197,-6856.468421,-119421.13,822846.5806,20.31578234,41.17430306,176.3578125,,28.25087257
364,15,7,5,0.9,0.8,Wet,4923715.7,1332518.091,1085194.867,0,-456920.0455,-4779098.537,-64979.65729,-7370.029676,-128365.9777,884479.2021,20.31578234,41.34134267,177.2490744,,28.25087257
365,15,7,5,0.9,0.8,Wet,5327380.22,1441762.879,1174163.177,0,-494380.0497,-5170906.804,-70306.93119,-7974.252111,-138889.8978,956992.0957,20.31578234,41.50820679,178.140316,,28.25087257
366,15,7,5,0.9,0.8,Wet,5811265.56,1572718.037,1280812.285,0,-539284.5333,-5640579.681,-76692.90176,-8698.552524,-151505.2515,1043915.579,20.31578234,41.67489672,179.0315378,,28.25087257
367,15,7,5,0.9,0.8,Wet,6406651.097,1733848.786,1412036.216,0,-594536.2179,-6218477.822,-84550.37171,-9589.751233,-167027.5219,1150868.571,20.31578234,41.84141371,179.9227401,,28.25087257
368,15,7,5,0.9,0.8,Wet,7165096.588,1939108.878,1579198.823,0,-664919.8406,-6954646.592,-94559.78961,-10725.0251,-186800.9213,1287113.087,20.31578234,42.00775902,180.8139231,,28.25087257
369,15,7,5,0.9,0.8,Wet,8174201.12,2211460.63,1801490.131,0,-758364.6996,-7933686.638,-107879.7196,-12232.3554,-213097.8121,1468280.244,20.31158194,42.17713517,181.7119956,,28.2509673
370,15,7,5,0.9,0.8,Wet,9581568.564,2592211.929,2111656.045,0,-888933.7635,-9299644.256,-126453.572,-14338.42283,-249787.2597,1721076.791,20.31158194,42.34314944,182.6031704,,28.2509673
